open,high,low,close,volume,adjclose
27.31999969482422,27.56999969482422,26.729999542236328,26.76499938964844,117395,26.76499938964844
26.670000076293945,27.26000022888184,26.290000915527344,27.1299991607666,89900,27.1299991607666
27.38999938964844,27.5,26.60000038146973,26.79999923706055,95600,26.79999923706055
26.78000068664551,27.70000076293945,25.82999992370605,27.239999771118164,121200,27.239999771118164
26.309999465942386,27.36000061035156,25.709999084472656,26.75,156100,26.75
26.290000915527344,27.03000068664551,26.059999465942386,26.170000076293945,131000,26.170000076293945
27.1200008392334,27.3700008392334,26.170000076293945,26.29999923706055,106700,26.29999923706055
27.239999771118164,27.54999923706055,26.56999969482422,27.15999984741211,93400,27.15999984741211
27.270000457763672,27.709999084472656,27.020000457763672,27.21999931335449,143000,27.21999931335449
26.13999938964844,27.479999542236328,25.68000030517578,27.36000061035156,224000,27.36000061035156
25.540000915527344,26.40999984741211,24.59000015258789,26.31999969482422,193900,26.31999969482422
26.239999771118164,26.90999984741211,25.57999992370605,26.040000915527344,129900,26.040000915527344
25.75,26.1200008392334,25.10000038146973,25.729999542236328,179300,25.729999542236328
26.270000457763672,26.270000457763672,25.07999992370605,25.53000068664551,126300,25.53000068664551
26.290000915527344,26.84499931335449,25.729999542236328,25.85000038146973,129100,25.85000038146973
26.690000534057607,27.290000915527344,26.0,26.790000915527344,247800,26.790000915527344
26.520000457763672,26.729999542236328,25.190000534057607,26.61000061035156,157300,26.61000061035156
25.399999618530273,26.479999542236328,24.99799919128418,26.13999938964844,135400,26.13999938964844
27.290000915527344,28.0,25.739999771118164,25.79999923706055,193600,25.79999923706055
29.229999542236328,29.25,27.25,27.540000915527344,260900,27.540000915527344
29.01000022888184,29.82999992370605,27.76000022888184,29.06999969482422,284300,29.06999969482422
29.309999465942386,30.32500076293945,28.76000022888184,29.36000061035156,136900,29.36000061035156
29.95000076293945,30.024999618530273,28.68000030517578,29.78000068664551,148600,29.78000068664551
30.520000457763672,31.35000038146973,29.3700008392334,29.8700008392334,180500,29.8700008392334
33.509998321533196,34.330001831054695,30.78000068664551,31.0,296400,31.0
32.529998779296875,33.650001525878906,32.310001373291016,33.549999237060554,167300,33.549999237060554
32.110000610351555,33.61999893188477,31.959999084472656,32.75,599900,32.75
33.59999847412109,33.919998168945305,31.84000015258789,32.02000045776367,528300,32.02000045776367
33.330001831054695,33.75,32.400001525878906,33.18000030517578,147700,33.18000030517578
35.650001525878906,35.650001525878906,32.755001068115234,33.740001678466804,168300,33.740001678466804
35.169998168945305,37.11999893188477,34.509998321533196,36.08000183105469,365300,36.08000183105469
34.650001525878906,34.689998626708984,32.11999893188477,32.59000015258789,319800,32.59000015258789
33.65999984741211,34.689998626708984,33.220001220703125,34.189998626708984,212800,34.189998626708984
34.610000610351555,34.799999237060554,32.875,34.509998321533196,202000,34.509998321533196
33.43000030517578,34.990001678466804,33.43000030517578,34.240001678466804,201700,34.240001678466804
29.8700008392334,33.34999847412109,29.8700008392334,33.34000015258789,281900,33.34000015258789
29.399999618530273,30.04999923706055,28.6299991607666,29.61000061035156,92400,29.61000061035156
29.25,29.899999618530273,28.684999465942386,29.6299991607666,216900,29.6299991607666
28.38999938964844,29.20000076293945,27.84000015258789,28.809999465942386,208800,28.809999465942386
28.01000022888184,28.28499984741211,27.48500061035156,27.90999984741211,232600,27.90999984741211
29.04999923706055,29.649999618530273,28.399999618530273,28.5,181100,28.5
28.920000076293945,29.80900001525879,28.65999984741211,28.8700008392334,167700,28.8700008392334
27.84000015258789,29.21999931335449,27.739999771118164,28.6200008392334,113100,28.6200008392334
29.1200008392334,29.1200008392334,27.36000061035156,27.559999465942386,146100,27.559999465942386
30.10000038146973,30.23500061035156,28.3700008392334,28.729999542236328,239600,28.729999542236328
30.770000457763672,30.88999938964844,29.28000068664551,29.440000534057607,139000,29.440000534057607
32.470001220703125,32.740001678466804,31.43000030517578,31.479999542236328,121300,31.479999542236328
32.009998321533196,32.639999389648445,31.559999465942386,32.279998779296875,128000,32.279998779296875
31.36000061035156,31.65999984741211,30.40999984741211,31.440000534057607,105800,31.440000534057607
30.670000076293945,31.82999992370605,30.29999923706055,31.729999542236328,197500,31.729999542236328
28.85000038146973,30.35000038146973,28.739999771118164,30.0,199400,30.0
29.15999984741211,29.506999969482425,27.63999938964844,28.670000076293945,275100,28.670000076293945
30.53000068664551,30.809999465942386,28.57999992370605,29.32999992370605,319200,29.32999992370605
31.459999084472656,31.899999618530273,30.63999938964844,31.25,353500,31.25
31.3799991607666,32.59000015258789,30.81999969482422,31.479999542236328,717300,31.479999542236328
32.790000915527344,33.360000610351555,31.489999771118164,31.520000457763672,439200,31.520000457763672
32.049999237060554,33.299999237060554,31.1200008392334,32.77000045776367,527200,32.77000045776367
30.0,30.209999084472656,28.84000015258789,29.84000015258789,305600,29.84000015258789
31.290000915527344,31.809999465942386,29.85000038146973,30.61000061035156,199100,30.61000061035156
31.03000068664551,31.229999542236328,29.67499923706055,31.040000915527344,303600,31.040000915527344
32.18000030517578,32.279998779296875,30.46500015258789,31.899999618530273,206500,31.899999618530273
33.779998779296875,33.779998779296875,31.78000068664551,32.09000015258789,350000,32.09000015258789
34.400001525878906,34.84999847412109,33.669998168945305,34.240001678466804,363200,34.240001678466804
32.56999969482422,35.049999237060554,32.240001678466804,34.389999389648445,270500,34.389999389648445
33.93000030517578,34.514999389648445,32.080001831054695,32.81999969482422,412000,32.81999969482422
33.43000030517578,34.029998779296875,33.080001831054695,33.779998779296875,355000,33.779998779296875
33.84999847412109,33.950000762939446,32.59999847412109,33.310001373291016,335500,33.310001373291016
32.81999969482422,34.110000610351555,32.509998321533196,33.650001525878906,301700,33.650001525878906
31.209999084472656,32.889999389648445,31.06999969482422,32.799999237060554,253400,32.799999237060554
30.18000030517578,31.79999923706055,29.93000030517578,31.21999931335449,279800,31.21999931335449
29.09000015258789,30.09000015258789,28.875,30.04999923706055,202900,30.04999923706055
29.420000076293945,29.61000061035156,28.65999984741211,29.10000038146973,345700,29.10000038146973
30.32999992370605,30.790000915527344,29.545000076293945,29.649999618530273,293200,29.649999618530273
29.809999465942386,30.70000076293945,29.46999931335449,30.26000022888184,494200,30.26000022888184
30.46999931335449,30.899999618530273,29.49099922180176,29.82999992370605,189500,29.82999992370605
30.649999618530273,31.61000061035156,30.21999931335449,30.36000061035156,294900,30.36000061035156
30.54999923706055,30.75,29.76000022888184,30.56999969482422,155700,30.56999969482422
29.8700008392334,30.78000068664551,29.04999923706055,30.43000030517578,215600,30.43000030517578
28.28000068664551,29.80500030517578,27.709999084472656,29.239999771118164,233200,29.239999771118164
28.989999771118164,29.65999984741211,27.70000076293945,28.28000068664551,225200,28.28000068664551
29.309999465942386,29.76499938964844,28.57500076293945,29.059999465942386,189600,29.059999465942386
28.63999938964844,29.63999938964844,28.07999992370605,29.540000915527344,83300,29.540000915527344
30.270000457763672,30.54999923706055,28.125999450683594,28.399999618530273,251700,28.399999618530273
31.6200008392334,31.899999618530273,30.13999938964844,30.79999923706055,283800,30.79999923706055
30.309999465942386,31.0,30.10000038146973,30.68000030517578,736500,30.68000030517578
30.20000076293945,30.76000022888184,29.46999931335449,30.26000022888184,236500,30.26000022888184
28.57999992370605,30.375,28.36000061035156,30.20000076293945,327700,30.20000076293945
29.28000068664551,29.790000915527344,27.690000534057607,28.020000457763672,309500,28.020000457763672
30.60000038146973,30.7549991607666,29.21999931335449,29.3700008392334,127800,29.3700008392334
31.459999084472656,32.049999237060554,30.190000534057607,30.57999992370605,542900,30.57999992370605
30.93000030517578,32.310001373291016,30.93000030517578,31.53000068664551,213600,31.53000068664551
30.739999771118164,30.790000915527344,29.209999084472656,29.920000076293945,116500,29.920000076293945
29.989999771118164,31.229999542236328,29.989999771118164,30.729999542236328,111000,30.729999542236328
29.020000457763672,29.809999465942386,27.8700008392334,29.61000061035156,159000,29.61000061035156
29.31999969482422,29.899999618530273,28.770000457763672,29.059999465942386,164500,29.059999465942386
28.43000030517578,29.43000030517578,28.209999084472656,29.31999969482422,132900,29.31999969482422
29.0,29.0,27.32999992370605,27.86000061035156,131200,27.86000061035156
31.01000022888184,31.354999542236328,29.040000915527344,29.290000915527344,167700,29.290000915527344
31.8700008392334,32.375,30.540000915527344,30.6200008392334,123200,30.6200008392334
30.559999465942386,32.084999084472656,30.03000068664551,31.75,141800,31.75
29.5,30.69499969482422,28.95000076293945,30.57999992370605,151200,30.57999992370605
31.809999465942386,31.952999114990234,29.1299991607666,29.5,185300,29.5
31.1200008392334,31.88999938964844,30.65999984741211,31.809999465942386,189500,31.809999465942386
30.729999542236328,31.25,30.5,30.82999992370605,165200,30.82999992370605
30.670000076293945,31.21999931335449,30.114999771118164,30.5,109200,30.5
32.0,32.65999984741211,31.25,31.399999618530273,143000,31.399999618530273
32.0,32.59000015258789,30.920000076293945,31.90999984741211,420900,31.90999984741211
32.799999237060554,33.169998168945305,32.220001220703125,32.52000045776367,139800,32.52000045776367
33.27000045776367,33.27000045776367,32.400001525878906,32.779998779296875,321800,32.779998779296875
35.9900016784668,35.9900016784668,32.580001831054695,32.75,446400,32.75
37.400001525878906,37.709999084472656,35.84000015258789,35.900001525878906,453300,35.900001525878906
37.97999954223633,38.5,37.310001373291016,37.84000015258789,183300,37.84000015258789
37.86000061035156,38.54999923706055,37.02000045776367,37.61999893188477,193000,37.61999893188477
38.349998474121094,39.2400016784668,37.54999923706055,38.22000122070313,254200,38.22000122070313
38.33000183105469,39.310001373291016,37.810001373291016,38.849998474121094,365700,38.849998474121094
37.52000045776367,38.43000030517578,36.1349983215332,38.22000122070313,308600,38.22000122070313
37.90999984741211,38.650001525878906,36.97999954223633,37.90999984741211,213400,37.90999984741211
39.849998474121094,40.4900016784668,36.849998474121094,37.68999862670898,506100,37.68999862670898
43.27000045776367,43.27000045776367,39.54999923706055,40.9900016784668,492000,40.9900016784668
42.84000015258789,43.43000030517578,41.50500106811523,43.27999877929688,226100,43.27999877929688
42.70000076293945,43.40499877929688,42.13000106811523,43.060001373291016,228800,43.060001373291016
43.22999954223633,43.7400016784668,42.20000076293945,42.75,274000,42.75
40.540000915527344,44.290000915527344,40.36399841308594,43.88999938964844,177300,43.88999938964844
41.02000045776367,41.5099983215332,40.560001373291016,41.349998474121094,266400,41.349998474121094
41.650001525878906,42.02000045776367,40.47999954223633,40.58000183105469,291800,40.58000183105469
45.04999923706055,45.34000015258789,41.900001525878906,42.45000076293945,277900,42.45000076293945
45.27000045776367,45.34500122070313,44.5099983215332,44.900001525878906,148100,44.900001525878906
44.650001525878906,45.31999969482422,43.599998474121094,45.04999923706055,168900,45.04999923706055
44.52999877929688,44.52999877929688,43.323001861572266,44.2400016784668,149100,44.2400016784668
46.209999084472656,46.4000015258789,44.36000061035156,45.02000045776367,261500,45.02000045776367
45.70000076293945,46.34000015258789,44.61000061035156,46.18000030517578,374500,46.18000030517578
44.0099983215332,45.724998474121094,43.275001525878906,45.599998474121094,252700,45.599998474121094
41.849998474121094,44.31999969482422,40.959999084472656,43.83000183105469,325800,43.83000183105469
41.70000076293945,41.95199966430664,40.36999893188477,41.18999862670898,232300,41.18999862670898
41.40999984741211,41.88000106811523,41.13000106811523,41.65999984741211,179200,41.65999984741211
41.810001373291016,42.36199951171875,41.060001373291016,41.25,224300,41.25
43.47000122070313,43.632999420166016,41.11000061035156,41.709999084472656,409100,41.709999084472656
43.38000106811523,43.38000106811523,42.11999893188477,43.02000045776367,308500,43.02000045776367
42.84000015258789,43.13000106811523,41.31999969482422,41.88000106811523,433600,41.88000106811523
42.88999938964844,43.43000030517578,41.89400100708008,42.91999816894531,289600,42.91999816894531
44.849998474121094,44.849998474121094,41.91899871826172,42.41999816894531,418600,42.41999816894531
44.93000030517578,46.20500183105469,44.08000183105469,44.93999862670898,175200,44.93999862670898
43.34000015258789,45.2400016784668,43.34000015258789,44.7599983215332,209200,44.7599983215332
41.060001373291016,44.52000045776367,40.79999923706055,43.34000015258789,205000,43.34000015258789
42.86999893188477,43.13999938964844,40.22999954223633,41.06999969482422,584200,41.06999969482422
44.290000915527344,44.52000045776367,42.36000061035156,42.709999084472656,228200,42.709999084472656
44.7400016784668,44.95000076293945,43.560001373291016,44.29999923706055,312500,44.29999923706055
46.45000076293945,47.0,43.790000915527344,44.099998474121094,445900,44.099998474121094
45.11000061035156,46.20500183105469,44.28200149536133,45.95000076293945,288200,45.95000076293945
46.790000915527344,48.36000061035156,43.5099983215332,45.52999877929688,621300,45.52999877929688
47.5099983215332,50.38999938964844,45.18000030517578,47.25,813000,47.25
51.040000915527344,51.040000915527344,45.91999816894531,46.79999923706055,618500,46.79999923706055
56.0099983215332,57.0,51.43999862670898,51.5099983215332,493300,51.5099983215332
52.61000061035156,54.58000183105469,52.04999923706055,54.29999923706055,258600,54.29999923706055
50.77000045776367,54.43999862670898,50.77000045776367,52.6500015258789,165000,52.6500015258789
53.95000076293945,54.91999816894531,50.79999923706055,51.06999969482422,163100,51.06999969482422
53.209999084472656,54.7400016784668,53.209999084472656,53.93999862670898,175800,53.93999862670898
55.81999969482422,57.20000076293945,52.599998474121094,52.599998474121094,445600,52.599998474121094
57.58000183105469,58.11000061035156,55.2599983215332,56.15999984741211,109400,56.15999984741211
57.02999877929688,58.27999877929688,57.02999877929688,57.72999954223633,70300,57.72999954223633
54.7400016784668,56.9900016784668,54.7400016784668,56.97000122070313,64600,56.97000122070313
53.45000076293945,56.06000137329102,53.36999893188477,54.47999954223633,139700,54.47999954223633
53.0,53.72000122070313,52.73500061035156,53.040000915527344,58700,53.040000915527344
54.02999877929688,54.94499969482422,53.34000015258789,53.70000076293945,118500,53.70000076293945
55.0099983215332,55.0099983215332,53.73500061035156,53.790000915527344,62300,53.790000915527344
54.90999984741211,55.54999923706055,53.5,55.2400016784668,95900,55.2400016784668
54.63999938964844,56.08000183105469,53.70000076293945,54.4900016784668,63000,54.4900016784668
54.040000915527344,55.0,53.72999954223633,54.31000137329102,75700,54.31000137329102
54.9900016784668,54.9900016784668,53.30500030517578,53.65999984741211,65900,53.65999984741211
55.0,55.6500015258789,53.099998474121094,54.93000030517578,149900,54.93000030517578
55.47000122070313,56.68000030517578,54.93000030517578,54.93000030517578,57500,54.93000030517578
56.22999954223633,56.97999954223633,55.2599983215332,55.90999984741211,142100,55.90999984741211
56.47999954223633,57.15499877929688,55.86000061035156,56.2400016784668,73000,56.2400016784668
56.11000061035156,57.16999816894531,55.5,56.0,115600,56.0
55.02999877929688,56.81000137329102,55.02999877929688,56.349998474121094,78200,56.349998474121094
55.43999862670898,56.38999938964844,54.89099884033203,55.290000915527344,60500,55.290000915527344
55.68999862670898,56.6879997253418,54.72000122070313,55.18000030517578,104700,55.18000030517578
54.43000030517578,56.04999923706055,54.4000015258789,55.08000183105469,145800,55.08000183105469
52.63000106811523,54.75,52.63000106811523,54.43000030517578,80300,54.43000030517578
51.02999877929688,52.65999984741211,51.02999877929688,52.43000030517578,105500,52.43000030517578
50.11999893188477,50.44499969482422,48.58000183105469,50.2400016784668,117200,50.2400016784668
50.6500015258789,50.6500015258789,50.125,50.36000061035156,123600,50.36000061035156
51.95000076293945,52.70000076293945,49.36999893188477,50.79999923706055,111400,50.79999923706055
52.77000045776367,52.86999893188477,52.27999877929688,52.45000076293945,40000,52.45000076293945
53.31999969482422,54.27999877929688,52.41999816894531,53.11999893188477,79300,53.11999893188477
52.47000122070313,53.9000015258789,52.13000106811523,53.81000137329102,114600,53.81000137329102
52.91999816894531,52.91999816894531,52.13999938964844,52.68999862670898,99300,52.68999862670898
52.75,54.02999877929688,51.93000030517578,52.459999084472656,100900,52.459999084472656
52.06000137329102,52.6500015258789,51.56999969482422,52.47999954223633,133200,52.47999954223633
52.52000045776367,52.88999938964844,52.09000015258789,52.13000106811523,81100,52.13000106811523
53.36000061035156,54.77999877929688,51.84000015258789,51.88999938964844,61600,51.88999938964844
53.68999862670898,54.83000183105469,53.54999923706055,54.2400016784668,54600,54.2400016784668
52.93999862670898,54.06999969482422,51.22999954223633,53.83000183105469,106000,53.83000183105469
52.91999816894531,53.56000137329102,51.45000076293945,52.7599983215332,150300,52.7599983215332
54.540000915527344,55.1500015258789,52.2599983215332,52.459999084472656,103500,52.459999084472656
55.47999954223633,55.88000106811523,54.6500015258789,55.09000015258789,87700,55.09000015258789
54.540000915527344,55.4000015258789,53.81999969482422,55.31000137329102,121100,55.31000137329102
54.56000137329102,55.29999923706055,54.2400016784668,54.95000076293945,131300,54.95000076293945
54.27999877929688,54.86999893188477,53.61999893188477,54.45000076293945,65900,54.45000076293945
54.61999893188477,55.86999893188477,54.04999923706055,54.16999816894531,79800,54.16999816894531
56.88000106811523,56.959999084472656,55.099998474121094,55.22000122070313,91300,55.22000122070313
56.58000183105469,58.05500030517578,55.57500076293945,57.61999893188477,132100,57.61999893188477
56.88000106811523,57.5,55.34000015258789,57.1500015258789,256300,57.1500015258789
57.790000915527344,57.790000915527344,55.22000122070313,56.16999816894531,191000,56.16999816894531
56.59000015258789,57.50500106811523,55.5,56.9000015258789,214100,56.9000015258789
55.84000015258789,57.40999984741211,54.93999862670898,56.0,253400,56.0
56.540000915527344,56.9900016784668,53.91999816894531,54.599998474121094,184800,54.599998474121094
52.70000076293945,57.11999893188477,52.6500015258789,56.08000183105469,190300,56.08000183105469
54.72000122070313,55.04999923706055,53.09000015258789,54.06000137329102,104600,54.06000137329102
54.66999816894531,55.58000183105469,52.72000122070313,54.2599983215332,109100,54.2599983215332
53.040000915527344,54.52000045776367,51.61000061035156,54.5099983215332,170300,54.5099983215332
50.290000915527344,54.290000915527344,49.599998474121094,54.20000076293945,215200,54.20000076293945
51.29999923706055,52.34000015258789,49.59000015258789,49.70000076293945,91300,49.70000076293945
53.9000015258789,54.5099983215332,51.7599983215332,51.97000122070313,574400,51.97000122070313
53.43999862670898,55.0,52.65999984741211,53.61000061035156,159400,53.61000061035156
55.33000183105469,56.91999816894531,53.84000015258789,54.08000183105469,122600,54.08000183105469
56.68999862670898,57.06999969482422,54.08000183105469,54.959999084472656,142100,54.959999084472656
57.9900016784668,60.09000015258789,56.18999862670898,56.68999862670898,215800,56.68999862670898
60.77999877929688,61.30500030517578,58.27000045776367,58.31999969482422,199300,58.31999969482422
59.2400016784668,61.7599983215332,58.584999084472656,61.290000915527344,154500,61.290000915527344
58.02000045776367,60.22999954223633,58.02000045776367,59.43000030517578,200900,59.43000030517578
57.83000183105469,58.91999816894531,56.36999893188477,57.02000045776367,106700,57.02000045776367
57.93000030517578,59.474998474121094,56.4000015258789,56.81999969482422,215200,56.81999969482422
60.72999954223633,62.91999816894531,59.11000061035156,59.33000183105469,141700,59.33000183105469
58.95000076293945,60.36999893188477,57.47999954223633,59.27000045776367,210600,59.27000045776367
61.84000015258789,62.86000061035156,60.18000030517578,60.56000137329102,109400,60.56000137329102
60.11999893188477,62.79999923706055,58.25,62.6500015258789,150800,62.6500015258789
58.31000137329102,58.97000122070313,56.13000106811523,58.1500015258789,189000,58.1500015258789
58.63000106811523,59.81999969482422,57.09000015258789,58.2599983215332,106100,58.2599983215332
56.34000015258789,58.86000061035156,56.11999893188477,58.4000015258789,291100,58.4000015258789
55.599998474121094,56.61999893188477,54.75,56.11999893188477,215400,56.11999893188477
55.41999816894531,56.9900016784668,55.27999877929688,55.86000061035156,196900,55.86000061035156
55.56999969482422,56.33000183105469,54.54999923706055,54.84000015258789,100000,54.84000015258789
57.40999984741211,58.415000915527344,56.9000015258789,57.18999862670898,150700,57.18999862670898
58.5,59.97000122070313,56.65999984741211,56.77999877929688,363400,56.77999877929688
61.9900016784668,62.17499923706055,58.84000015258789,60.0,271200,60.0
61.58000183105469,63.0099983215332,60.38000106811523,62.209999084472656,239700,62.209999084472656
61.61999893188477,63.02000045776367,61.06999969482422,61.68000030517578,175700,61.68000030517578
61.77999877929688,63.77999877929688,61.77999877929688,62.38000106811523,167300,62.38000106811523
65.05999755859375,65.89499664306639,60.9000015258789,60.93999862670898,294200,60.93999862670898
65.48999786376953,66.83499908447266,64.12999725341797,64.26999664306639,298700,64.26999664306639
62.2400016784668,65.01000213623047,60.15999984741211,64.75,341500,64.75
67.16000366210939,67.73000335693361,62.97000122070313,63.9000015258789,590100,63.9000015258789
67.29000091552734,68.20999908447266,65.58999633789061,67.44999694824219,327400,67.44999694824219
71.98999786376953,72.12999725341797,65.29000091552734,65.80000305175781,324100,65.80000305175781
66.68000030517578,72.30000305175781,66.68000030517578,72.22000122070312,540900,72.22000122070312
67.55999755859375,68.44999694824219,65.83000183105469,66.20999908447266,397500,66.20999908447266
68.73999786376953,69.94000244140625,66.06999969482422,67.02999877929689,637700,67.02999877929689
67.83000183105469,70.68000030517578,67.73000335693361,68.77999877929689,676300,68.77999877929689
65.30999755859375,66.87999725341797,61.47999954223633,66.44999694824219,1061100,66.44999694824219
71.31999969482422,73.29299926757812,65.0,65.94999694824219,1144500,65.94999694824219
65.79000091552734,68.05999755859375,64.5,67.38999938964844,170700,67.38999938964844
67.01000213623047,70.23999786376953,66.83000183105469,66.95999908447266,144000,66.95999908447266
73.54000091552734,73.62000274658203,66.01000213623047,66.02999877929689,227700,66.02999877929689
74.25,74.96499633789062,71.66000366210938,73.04000091552734,123500,73.04000091552734
76.0199966430664,76.5199966430664,74.48999786376953,75.19999694824219,84500,75.19999694824219
76.2699966430664,77.16000366210938,75.21399688720703,75.83999633789062,83700,75.83999633789062
73.81999969482422,76.12999725341797,72.68000030517578,75.54000091552734,146300,75.54000091552734
76.55000305175781,76.55000305175781,72.45999908447266,74.3499984741211,136900,74.3499984741211
75.16999816894531,77.47000122070312,74.02999877929688,77.0199966430664,74300,77.0199966430664
74.69000244140625,75.83999633789062,73.9000015258789,74.41999816894531,70500,74.41999816894531
75.19999694824219,75.67500305175781,72.45500183105469,74.61000061035156,130700,74.61000061035156
76.79000091552734,78.02999877929688,73.70999908447266,73.70999908447266,221000,73.70999908447266
85.16999816894531,85.28199768066406,77.0,77.25,200300,77.25
85.12000274658203,88.20999908447266,83.63500213623047,85.56999969482422,304100,85.56999969482422
82.4800033569336,85.73999786376953,81.5,85.23999786376953,136200,85.23999786376953
82.44000244140625,83.58999633789062,82.0199966430664,82.87000274658203,190700,82.87000274658203
84.0999984741211,84.9000015258789,82.33000183105469,82.44999694824219,151000,82.44999694824219
81.80999755859375,84.94000244140625,81.6500015258789,84.81999969482422,221900,84.81999969482422
80.58999633789062,82.58999633789062,79.75,81.45999908447266,165400,81.45999908447266
80.94000244140625,81.83999633789062,79.41000366210938,80.5999984741211,114300,80.5999984741211
78.69999694824219,82.3499984741211,78.55999755859375,80.54000091552734,219000,80.54000091552734
78.05000305175781,79.6500015258789,76.94999694824219,79.12999725341797,149500,79.12999725341797
75.88999938964844,78.01000213623047,74.61000061035156,77.54000091552734,144600,77.54000091552734
78.95999908447266,79.75,75.83000183105469,75.9800033569336,278000,75.9800033569336
76.88999938964844,79.62999725341797,75.61000061035156,78.16000366210938,185600,78.16000366210938
78.16000366210938,79.8499984741211,77.0,77.0,670500,77.0
78.38999938964844,79.1500015258789,76.80999755859375,77.80000305175781,193300,77.80000305175781
78.75,79.81999969482422,76.38999938964844,77.87000274658203,233100,77.87000274658203
75.70999908447266,79.19000244140625,75.70999908447266,78.88999938964844,158000,78.88999938964844
74.69999694824219,76.19999694824219,74.30999755859375,75.36000061035156,160600,75.36000061035156
75.0,75.80000305175781,73.98999786376953,74.68000030517578,178100,74.68000030517578
75.12000274658203,76.47000122070312,71.66999816894531,74.91000366210938,309700,74.91000366210938
75.94000244140625,77.05999755859375,73.5009994506836,74.88999938964844,165000,74.88999938964844
73.18000030517578,77.0199966430664,72.76000213623047,75.83000183105469,134600,75.83000183105469
74.55000305175781,75.93000030517578,72.65499877929688,73.44000244140625,140300,73.44000244140625
77.4800033569336,78.26000213623047,74.05000305175781,74.4000015258789,202100,74.4000015258789
79.80999755859375,80.77999877929688,77.41999816894531,78.2300033569336,201600,78.2300033569336
81.94000244140625,81.94000244140625,77.81999969482422,79.66999816894531,225700,79.66999816894531
89.19999694824219,89.61599731445312,81.43000030517578,82.4800033569336,327600,82.4800033569336
86.41999816894531,89.16999816894531,84.97000122070312,88.94000244140625,194000,88.94000244140625
85.70999908447266,86.94999694824219,83.41000366210938,86.29000091552734,125600,86.29000091552734
83.0,86.33999633789062,82.83999633789062,85.83000183105469,160400,85.83000183105469
83.61000061035156,84.29000091552734,81.5,82.2699966430664,85800,82.2699966430664
83.69999694824219,86.27999877929688,83.05000305175781,83.44999694824219,78300,83.44999694824219
82.63999938964844,84.75,81.72000122070312,83.43000030517578,200600,83.43000030517578
81.75,82.8499984741211,80.54000091552734,82.25,95300,82.25
81.75,83.19499969482422,81.4000015258789,82.13999938964844,127100,82.13999938964844
80.69999694824219,83.08999633789062,80.45999908447266,81.33000183105469,125800,81.33000183105469
78.13999938964844,80.87000274658203,77.5270004272461,80.44000244140625,124600,80.44000244140625
77.70999908447266,79.86000061035156,77.08999633789062,78.30999755859375,92200,78.30999755859375
75.16999816894531,78.69000244140625,75.0199966430664,77.6500015258789,125000,77.6500015258789
79.72000122070312,79.72000122070312,74.93000030517578,75.0999984741211,205900,75.0999984741211
79.58999633789062,80.77999877929688,77.73999786376953,80.37000274658203,187800,80.37000274658203
79.36000061035156,82.2699966430664,78.16999816894531,78.5999984741211,130600,78.5999984741211
77.83000183105469,80.27999877929688,77.51000213623047,79.44000244140625,259100,79.44000244140625
81.31999969482422,81.31999969482422,77.20999908447266,78.55999755859375,296100,78.55999755859375
79.0,82.46600341796875,76.5,80.87000274658203,317100,80.87000274658203
85.91999816894531,85.91999816894531,80.4000015258789,81.02999877929688,208200,81.02999877929688
85.08000183105469,87.01000213623047,84.6500015258789,85.48999786376953,75100,85.48999786376953
84.86000061035156,86.9800033569336,83.52999877929688,84.80999755859375,101900,84.80999755859375
83.8499984741211,85.19999694824219,83.01000213623047,84.80000305175781,66600,84.80000305175781
84.37999725341797,87.12000274658203,82.80000305175781,84.3499984741211,123800,84.3499984741211
83.26000213623047,84.98999786376953,82.11000061035156,84.5199966430664,133800,84.5199966430664
81.25,84.08000183105469,81.25,83.08999633789062,98700,83.08999633789062
81.0,81.23500061035156,78.37999725341797,81.0199966430664,159400,81.0199966430664
87.79000091552734,88.02200317382812,80.83000183105469,81.08000183105469,318200,81.08000183105469
87.9000015258789,88.87999725341797,87.13500213623047,88.16999816894531,335500,88.16999816894531
86.19999694824219,89.8499984741211,86.01000213623047,87.9000015258789,411300,87.9000015258789
85.01000213623047,86.68000030517578,83.86000061035156,84.83999633789062,297700,84.83999633789062
86.63999938964844,87.87999725341797,83.8479995727539,85.3499984741211,119600,85.3499984741211
85.73999786376953,87.0,85.3499984741211,86.48999786376953,167400,86.48999786376953
84.23999786376953,85.86000061035156,82.80000305175781,85.55000305175781,359400,85.55000305175781
83.98999786376953,85.33999633789062,83.38999938964844,84.31999969482422,129300,84.31999969482422
85.41000366210938,85.73999786376953,81.48999786376953,84.26000213623047,265900,84.26000213623047
87.4000015258789,88.83000183105469,85.93000030517578,86.01000213623047,170900,86.01000213623047
89.62000274658203,89.9749984741211,86.27999877929688,87.61000061035156,258200,87.61000061035156
90.75,92.9499969482422,88.79000091552734,89.5,275400,89.5
94.08999633789062,96.12999725341795,91.31999969482422,91.41999816894531,307400,91.41999816894531
91.20999908447266,94.0,90.98500061035156,93.62000274658205,310500,93.62000274658205
89.91999816894531,91.16000366210938,87.54000091552734,90.23999786376952,270000,90.23999786376952
86.44999694824219,89.61000061035156,86.08000183105469,89.01000213623047,303500,89.01000213623047
86.04000091552734,87.55000305175781,85.27999877929688,86.02999877929688,174800,86.02999877929688
85.22000122070312,85.80000305175781,82.95999908447266,85.63999938964844,418500,85.63999938964844
84.98999786376953,86.72000122070312,83.93900299072266,84.88999938964844,296700,84.88999938964844
84.52999877929688,85.75,83.5,84.63999938964844,245900,84.63999938964844
85.19999694824219,86.30999755859375,83.30999755859375,84.45999908447266,266500,84.45999908447266
84.12999725341797,85.65299987792969,83.02999877929688,84.55000305175781,603400,84.55000305175781
83.52999877929688,85.96399688720703,82.55999755859375,83.87000274658203,617200,83.87000274658203
83.11000061035156,85.12000274658203,82.31999969482422,83.20999908447266,1109100,83.20999908447266
81.05999755859375,81.31999969482422,78.23999786376953,79.51000213623047,3116900,79.51000213623047
81.66000366210938,82.7699966430664,80.58999633789062,81.04000091552734,628800,81.04000091552734
81.83000183105469,82.81999969482422,80.94000244140625,81.0,687100,81.0
82.0,84.62999725341797,81.51000213623047,82.11000061035156,1165600,82.11000061035156
78.38999938964844,79.1050033569336,76.52999877929688,77.08000183105469,293900,77.08000183105469
79.16000366210938,79.94999694824219,78.0199966430664,79.0,159500,79.0
77.54000091552734,79.76000213623047,77.1719970703125,79.29000091552734,455000,79.29000091552734
81.5999984741211,81.5999984741211,77.05999755859375,77.76000213623047,266700,77.76000213623047
77.52999877929688,78.80000305175781,77.52999877929688,77.81999969482422,206600,77.81999969482422
76.61000061035156,78.55000305175781,75.47000122070312,77.51000213623047,246200,77.51000213623047
72.01000213623047,75.54000091552734,71.91999816894531,75.18000030517578,235500,75.18000030517578
74.0199966430664,74.0199966430664,70.48999786376953,71.83000183105469,287100,71.83000183105469
71.68000030517578,75.75,70.5199966430664,74.01000213623047,513600,74.01000213623047
71.26000213623047,72.55999755859375,71.26000213623047,71.9000015258789,555800,71.9000015258789
69.26000213623047,71.77999877929688,68.63999938964844,71.0,416300,71.0
66.47000122070311,69.05000305175781,66.47000122070311,68.95999908447266,241800,68.95999908447266
64.01000213623047,66.95999908447266,64.01000213623047,66.93000030517578,120700,66.93000030517578
61.599998474121094,64.55000305175781,61.58000183105469,63.13999938964844,120400,63.13999938964844
62.709999084472656,63.61999893188477,61.349998474121094,61.9900016784668,131300,61.9900016784668
64.83000183105469,64.83499908447266,63.13000106811523,63.9900016784668,325100,63.9900016784668
64.87999725341797,66.91000366210939,63.47000122070313,65.33999633789061,377300,65.33999633789061
66.87999725341797,68.26000213623047,64.63099670410156,65.08000183105469,273100,65.08000183105469
67.38999938964844,68.33200073242189,65.5,65.87999725341797,243200,65.87999725341797
67.76999664306639,69.52999877929689,66.79000091552734,67.12000274658203,462600,67.12000274658203
63.68999862670898,67.98999786376953,63.09000015258789,67.58999633789061,237600,67.58999633789061
61.290000915527344,65.08000183105469,61.290000915527344,63.43000030517578,256500,63.43000030517578
61.459999084472656,61.459999084472656,60.02999877929688,61.13999938964844,452400,61.13999938964844
63.52999877929688,64.12999725341797,61.38000106811523,61.54999923706055,300900,61.54999923706055
61.77999877929688,63.80799865722656,60.01499938964844,63.08000183105469,260300,63.08000183105469
62.0,64.19000244140625,61.06000137329102,62.04999923706055,438500,62.04999923706055
51.0,62.75,51.0,61.54999923706055,725400,61.54999923706055
46.90999984741211,48.09000015258789,45.540000915527344,47.849998474121094,237600,47.849998474121094
47.33000183105469,48.72999954223633,46.95000076293945,46.9900016784668,109700,46.9900016784668
46.04999923706055,47.29999923706055,46.04999923706055,47.18999862670898,59400,47.18999862670898
46.959999084472656,47.459999084472656,45.915000915527344,46.22999954223633,86400,46.22999954223633
46.84000015258789,47.959999084472656,46.84000015258789,46.97999954223633,160300,46.97999954223633
46.099998474121094,46.90499877929688,45.88000106811523,46.5,101500,46.5
45.97000122070313,47.5099983215332,45.90999984741211,46.41999816894531,169100,46.41999816894531
46.27000045776367,46.41999816894531,45.5,45.790000915527344,161300,45.790000915527344
45.93000030517578,46.86999893188477,45.70000076293945,46.36999893188477,105600,46.36999893188477
45.93000030517578,46.25500106811523,45.4000015258789,45.7400016784668,110500,45.7400016784668
45.97000122070313,47.02999877929688,45.45000076293945,45.95000076293945,138100,45.95000076293945
45.790000915527344,46.33000183105469,45.29999923706055,45.79999923706055,73300,45.79999923706055
44.93999862670898,46.0,43.0099983215332,45.959999084472656,106700,45.959999084472656
45.15999984741211,46.13999938964844,44.84000015258789,45.15999984741211,106600,45.15999984741211
42.27999877929688,46.03900146484375,42.27000045776367,45.38000106811523,176700,45.38000106811523
41.9900016784668,42.45000076293945,41.599998474121094,41.77999877929688,93300,41.77999877929688
41.18999862670898,42.09000015258789,40.97999954223633,41.90999984741211,143000,41.90999984741211
40.36000061035156,41.66999816894531,39.72000122070313,40.959999084472656,119600,40.959999084472656
39.290000915527344,40.20000076293945,39.11999893188477,40.02999877929688,180100,40.02999877929688
37.47999954223633,38.86999893188477,35.5099983215332,38.560001373291016,167400,38.560001373291016
36.0,37.68999862670898,36.0,37.599998474121094,148400,37.599998474121094
35.06999969482422,35.93000030517578,34.610000610351555,35.52000045776367,79200,35.52000045776367
35.41999816894531,35.630001068115234,34.040000915527344,34.75,80400,34.75
34.540000915527344,35.779998779296875,34.540000915527344,35.68000030517578,107600,35.68000030517578
34.639999389648445,34.97999954223633,34.09999847412109,34.36999893188477,82400,34.36999893188477
34.110000610351555,35.15999984741211,33.81999969482422,35.110000610351555,122200,35.110000610351555
34.90999984741211,34.90999984741211,32.90999984741211,33.959999084472656,166200,33.959999084472656
34.90999984741211,35.45000076293945,34.380001068115234,35.040000915527344,94500,35.040000915527344
35.060001373291016,35.06999969482422,34.31999969482422,34.759998321533196,109900,34.759998321533196
35.88999938964844,36.15999984741211,34.65999984741211,34.959999084472656,119100,34.959999084472656
36.040000915527344,37.25,34.970001220703125,35.849998474121094,195600,35.849998474121094
36.22999954223633,37.45000076293945,35.439998626708984,35.58000183105469,133800,35.58000183105469
36.77999877929688,37.67499923706055,36.04999923706055,36.16999816894531,122200,36.16999816894531
34.959999084472656,38.0,34.860000610351555,37.2400016784668,192900,37.2400016784668
34.75,35.110000610351555,34.259998321533196,34.560001373291016,186400,34.560001373291016
35.810001373291016,36.25,34.314998626708984,34.56999969482422,128300,34.56999969482422
34.459999084472656,36.7599983215332,32.48699951171875,36.04999923706055,519800,36.04999923706055
35.81999969482422,35.81999969482422,34.060001373291016,34.529998779296875,218500,34.529998779296875
36.290000915527344,36.5,35.45000076293945,35.689998626708984,165100,35.689998626708984
36.77000045776367,36.91999816894531,35.810001373291016,36.06999969482422,135400,36.06999969482422
36.70000076293945,37.31999969482422,35.790000915527344,36.47999954223633,134400,36.47999954223633
36.40999984741211,37.18999862670898,35.849998474121094,36.849998474121094,168600,36.849998474121094
36.5,36.67499923706055,35.36999893188477,36.09000015258789,151900,36.09000015258789
36.2599983215332,37.43000030517578,35.79999923706055,36.52000045776367,139600,36.52000045776367
38.18999862670898,38.18999862670898,36.0099983215332,36.5,499700,36.5
36.93000030517578,38.61999893188477,36.09000015258789,38.13999938964844,189800,38.13999938964844
37.02999877929688,39.38000106811523,36.5,37.38999938964844,206200,37.38999938964844
37.2599983215332,38.13000106811523,36.525001525878906,37.61999893188477,129500,37.61999893188477
37.77000045776367,38.02000045776367,36.849998474121094,37.29999923706055,148900,37.29999923706055
39.02000045776367,39.68999862670898,37.70000076293945,37.77000045776367,76500,37.77000045776367
38.18999862670898,39.9900016784668,37.63999938964844,39.099998474121094,112500,39.099998474121094
37.02000045776367,38.150001525878906,36.95000076293945,38.099998474121094,57500,38.099998474121094
37.2400016784668,37.66999816894531,36.310001373291016,36.70000076293945,136700,36.70000076293945
37.150001525878906,37.52000045776367,36.45000076293945,37.060001373291016,58300,37.060001373291016
37.61999893188477,38.58000183105469,36.83000183105469,37.099998474121094,99200,37.099998474121094
37.349998474121094,38.95000076293945,37.22000122070313,37.68000030517578,106300,37.68000030517578
37.459999084472656,37.8849983215332,36.0099983215332,37.52999877929688,156700,37.52999877929688
36.27999877929688,38.249000549316406,36.27999877929688,37.22000122070313,120900,37.22000122070313
36.47000122070313,36.88999938964844,35.75,36.77999877929688,104200,36.77999877929688
37.560001373291016,37.790000915527344,36.310001373291016,36.81999969482422,141700,36.81999969482422
37.599998474121094,38.310001373291016,34.834999084472656,37.150001525878906,165400,37.150001525878906
38.84000015258789,39.43000030517578,37.02999877929688,37.29999923706055,437200,37.29999923706055
39.79999923706055,39.93999862670898,37.959999084472656,38.86999893188477,104600,38.86999893188477
40.959999084472656,43.08000183105469,39.43999862670898,39.810001373291016,153800,39.810001373291016
40.70000076293945,43.4900016784668,40.61000061035156,41.61999893188477,125200,41.61999893188477
42.58000183105469,43.0099983215332,40.7599983215332,40.790000915527344,176900,40.790000915527344
42.18999862670898,43.09000015258789,41.18000030517578,42.93999862670898,98300,42.93999862670898
43.61000061035156,44.0,42.02999877929688,42.2400016784668,76100,42.2400016784668
45.11999893188477,46.02000045776367,43.349998474121094,43.349998474121094,50100,43.349998474121094
45.6500015258789,46.04499816894531,44.93999862670898,45.31999969482422,88600,45.31999969482422
46.349998474121094,46.5,45.38000106811523,45.70000076293945,36800,45.70000076293945
46.63999938964844,47.5,45.290000915527344,46.13000106811523,77400,46.13000106811523
46.459999084472656,46.70000076293945,45.63000106811523,46.27000045776367,74700,46.27000045776367
46.08000183105469,46.334999084472656,45.5,46.11000061035156,38300,46.11000061035156
46.29999923706055,46.81999969482422,45.02999877929688,45.84000015258789,87400,45.84000015258789
46.04999923706055,46.72000122070313,45.65999984741211,46.22000122070313,72800,46.22000122070313
46.41999816894531,46.45000076293945,44.75,46.31999969482422,107700,46.31999969482422
45.97999954223633,46.58000183105469,45.36000061035156,46.4000015258789,91700,46.4000015258789
47.0099983215332,47.040000915527344,45.5099983215332,45.7599983215332,108100,45.7599983215332
46.790000915527344,48.16999816894531,45.79999923706055,47.13999938964844,108800,47.13999938964844
45.13999938964844,47.974998474121094,44.435001373291016,46.599998474121094,115800,46.599998474121094
44.77000045776367,45.084999084472656,44.209999084472656,44.849998474121094,79900,44.849998474121094
44.63999938964844,45.40999984741211,44.52999877929688,45.0099983215332,68700,45.0099983215332
44.060001373291016,44.88999938964844,43.24499893188477,44.58000183105469,122400,44.58000183105469
44.38999938964844,45.5,43.68000030517578,44.11000061035156,76700,44.11000061035156
43.33000183105469,45.29999923706055,43.33000183105469,44.310001373291016,185600,44.310001373291016
40.5,43.91999816894531,40.4900016784668,43.29999923706055,235600,43.29999923706055
39.099998474121094,40.22999954223633,39.0,40.04999923706055,182100,40.04999923706055
39.27000045776367,39.290000915527344,38.68000030517578,39.11000061035156,89600,39.11000061035156
39.13000106811523,39.13000106811523,38.32500076293945,39.060001373291016,57600,39.060001373291016
39.45000076293945,39.45000076293945,38.540000915527344,38.97000122070313,317400,38.97000122070313
39.4900016784668,40.040000915527344,39.22000122070313,39.47999954223633,147000,39.47999954223633
39.540000915527344,40.38000106811523,39.209999084472656,39.5,52200,39.5
39.04999923706055,40.18000030517578,38.77999877929688,39.33000183105469,123600,39.33000183105469
37.83000183105469,39.36000061035156,37.400001525878906,39.040000915527344,295100,39.040000915527344
35.790000915527344,37.86999893188477,35.400001525878906,37.72999954223633,107700,37.72999954223633
35.139999389648445,36.77999877929688,35.130001068115234,35.689998626708984,57000,35.689998626708984
34.259998321533196,35.59000015258789,33.84999847412109,35.130001068115234,297000,35.130001068115234
34.15999984741211,34.15999984741211,33.560001373291016,33.950000762939446,59400,33.950000762939446
34.540000915527344,34.97999954223633,33.84999847412109,34.150001525878906,105700,34.150001525878906
34.799999237060554,35.38999938964844,34.439998626708984,34.529998779296875,99100,34.529998779296875
33.93000030517578,35.77000045776367,33.93000030517578,34.72999954223633,130200,34.72999954223633
33.65999984741211,34.299999237060554,33.514999389648445,33.84999847412109,198900,33.84999847412109
33.34000015258789,35.084999084472656,33.275001525878906,33.389999389648445,103900,33.389999389648445
33.970001220703125,35.09999847412109,33.360000610351555,33.5,198500,33.5
34.299999237060554,34.700000762939446,33.68000030517578,33.959999084472656,104300,33.959999084472656
34.459999084472656,35.28799819946289,33.90999984741211,34.290000915527344,226900,34.290000915527344
34.790000915527344,35.29999923706055,32.99499893188477,34.380001068115234,230800,34.380001068115234
35.20000076293945,35.20000076293945,33.72999954223633,34.310001373291016,221300,34.310001373291016
35.34000015258789,35.81999969482422,34.400001525878906,34.93000030517578,75900,34.93000030517578
35.400001525878906,35.75,35.02000045776367,35.18000030517578,71500,35.18000030517578
35.970001220703125,36.1349983215332,35.279998779296875,35.38999938964844,127900,35.38999938964844
35.77000045776367,36.459999084472656,35.09999847412109,35.959999084472656,84000,35.959999084472656
35.90999984741211,36.209999084472656,35.150001525878906,35.54999923706055,66000,35.54999923706055
36.65999984741211,36.65999984741211,35.5099983215332,35.75,62100,35.75
37.25,37.25,35.88999938964844,36.38000106811523,314900,36.38000106811523
37.099998474121094,37.709999084472656,37.099998474121094,37.2400016784668,185100,37.2400016784668
37.22000122070313,37.810001373291016,36.63999938964844,37.099998474121094,160000,37.099998474121094
37.61999893188477,37.61999893188477,36.4900016784668,37.11000061035156,62800,37.11000061035156
38.54999923706055,38.66999816894531,37.7599983215332,37.83000183105469,71500,37.83000183105469
38.5,39.04999923706055,38.34000015258789,38.70000076293945,102100,38.70000076293945
38.7400016784668,38.90999984741211,38.36000061035156,38.72000122070313,108000,38.72000122070313
39.06999969482422,39.34000015258789,37.24499893188477,38.790000915527344,203100,38.790000915527344
39.13999938964844,39.400001525878906,38.70000076293945,39.31999969482422,57900,39.31999969482422
39.43000030517578,39.63999938964844,39.16999816894531,39.33000183105469,80600,39.33000183105469
39.540000915527344,40.20000076293945,39.2599983215332,39.33000183105469,164100,39.33000183105469
39.38999938964844,40.25,39.22000122070313,39.310001373291016,53500,39.310001373291016
39.68000030517578,40.15999984741211,39.06999969482422,39.38000106811523,92000,39.38000106811523
39.47999954223633,40.349998474121094,39.16999816894531,39.459999084472656,125100,39.459999084472656
39.13999938964844,39.70000076293945,38.67499923706055,38.97000122070313,90900,38.97000122070313
40.52000045776367,40.74499893188477,39.13999938964844,39.25,107000,39.25
38.29999923706055,40.72000122070313,37.85300064086914,40.58000183105469,45400,40.58000183105469
38.86000061035156,39.040000915527344,38.0,38.27999877929688,19100,38.27999877929688
39.54999923706055,39.88999938964844,38.349998474121094,38.58000183105469,31500,38.58000183105469
40.61000061035156,41.52999877929688,39.27999877929688,39.7599983215332,165200,39.7599983215332
40.56999969482422,41.099998474121094,40.13999938964844,40.45000076293945,55600,40.45000076293945
41.31999969482422,41.900001525878906,40.4900016784668,40.650001525878906,42100,40.650001525878906
41.34000015258789,41.459999084472656,40.790000915527344,41.0099983215332,40400,41.0099983215332
41.97999954223633,42.25,41.560001373291016,41.70000076293945,56000,41.70000076293945
41.685001373291016,42.400001525878906,41.47999954223633,41.849998474121094,30400,41.849998474121094
41.59000015258789,42.27999877929688,41.09000015258789,41.90999984741211,37400,41.90999984741211
40.599998474121094,41.52999877929688,40.06999969482422,41.22000122070313,41000,41.22000122070313
41.29999923706055,41.709999084472656,40.15499877929688,40.47999954223633,70200,40.47999954223633
42.22000122070313,42.22000122070313,41.18000030517578,41.43000030517578,50300,41.43000030517578
42.54999923706055,43.290000915527344,41.43999862670898,41.66999816894531,37900,41.66999816894531
41.38999938964844,42.349998474121094,41.38999938964844,42.15999984741211,45900,42.15999984741211
40.849998474121094,41.2599983215332,40.63999938964844,41.13000106811523,34000,41.13000106811523
40.43999862670898,41.375,40.04999923706055,41.099998474121094,41900,41.099998474121094
40.52999877929688,40.65999984741211,39.66999816894531,40.22999954223633,42500,40.22999954223633
40.61999893188477,40.81499862670898,40.099998474121094,40.38999938964844,116500,40.38999938964844
39.900001525878906,40.95100021362305,38.97000122070313,40.54999923706055,215400,40.54999923706055
40.11000061035156,40.400001525878906,39.77999877929688,39.97999954223633,61300,39.97999954223633
39.13999938964844,40.5,39.13999938964844,40.0,110300,40.0
39.97000122070313,40.25,38.95000076293945,40.02999877929688,132300,40.02999877929688
39.52999877929688,40.0,39.5099983215332,39.900001525878906,95000,39.900001525878906
39.54999923706055,39.93999862670898,39.4900016784668,39.540000915527344,65500,39.540000915527344
39.84000015258789,39.84000015258789,39.33000183105469,39.459999084472656,33700,39.459999084472656
39.47000122070313,39.97000122070313,39.349998474121094,39.599998474121094,73300,39.599998474121094
39.20000076293945,39.83000183105469,39.11999893188477,39.72000122070313,47600,39.72000122070313
39.349998474121094,39.58000183105469,38.63000106811523,39.04999923706055,31600,39.04999923706055
39.13000106811523,39.650001525878906,38.15499877929688,39.5,47000,39.5
40.31999969482422,40.349998474121094,39.18000030517578,39.20000076293945,303000,39.20000076293945
40.099998474121094,40.5,39.599998474121094,40.209999084472656,140900,40.209999084472656
38.68999862670898,40.5,38.68999862670898,40.5,152800,40.5
37.34000015258789,39.150001525878906,37.099998474121094,38.9900016784668,95600,38.9900016784668
38.77999877929688,38.93000030517578,37.77000045776367,38.0,68100,38.0
38.95000076293945,39.38000106811523,38.13000106811523,38.43000030517578,204000,38.43000030517578
39.650001525878906,39.65999984741211,39.06999969482422,39.27999877929688,113000,39.27999877929688
39.38000106811523,40.310001373291016,39.38000106811523,39.650001525878906,105600,39.650001525878906
38.5,40.09000015258789,38.5,39.16999816894531,77200,39.16999816894531
38.13000106811523,38.45000076293945,37.849998474121094,38.45000076293945,33700,38.45000076293945
37.9900016784668,38.900001525878906,37.560001373291016,38.5,47200,38.5
37.25,37.75,36.762001037597656,37.45000076293945,46200,37.45000076293945
37.540000915527344,38.01900100708008,36.78400039672852,37.41999816894531,38500,37.41999816894531
39.0,39.0099983215332,37.4900016784668,38.0,47900,38.0
39.06999969482422,39.150001525878906,38.17599868774414,38.77000045776367,24900,38.77000045776367
38.810001373291016,38.97999954223633,38.29800033569336,38.97999954223633,37400,38.97999954223633
38.63000106811523,39.09000015258789,36.73500061035156,38.43999862670898,41700,38.43999862670898
38.88000106811523,39.09000015258789,38.47999954223633,38.88000106811523,34000,38.88000106811523
38.66999816894531,39.18999862670898,38.02899932861328,38.56999969482422,43800,38.56999969482422
37.95000076293945,39.25,37.83000183105469,38.54999923706055,68600,38.54999923706055
38.43999862670898,39.40499877929688,37.810001373291016,38.43999862670898,108600,38.43999862670898
39.43999862670898,39.4900016784668,37.79999923706055,38.70000076293945,63500,38.70000076293945
38.310001373291016,40.47999954223633,38.040000915527344,39.349998474121094,106500,39.349998474121094
37.88000106811523,38.790000915527344,37.5,38.400001525878906,79100,38.400001525878906
37.41999816894531,38.04999923706055,36.766998291015625,37.86000061035156,63600,37.86000061035156
37.18899917602539,37.5099983215332,36.63999938964844,37.20000076293945,58200,37.20000076293945
37.22000122070313,38.099998474121094,36.5,37.2400016784668,72000,37.2400016784668
38.060001373291016,38.88000106811523,37.67399978637695,38.13999938964844,38000,38.13999938964844
38.22999954223633,38.58000183105469,37.61999893188477,38.18999862670898,30800,38.18999862670898
37.72999954223633,38.849998474121094,37.40700149536133,38.58000183105469,46100,38.58000183105469
37.83000183105469,38.290000915527344,36.73500061035156,37.90999984741211,54000,37.90999984741211
39.2400016784668,39.41999816894531,37.42900085449219,37.88000106811523,59900,37.88000106811523
38.52000045776367,40.060001373291016,38.22000122070313,39.61999893188477,82700,39.61999893188477
38.2400016784668,39.0,37.54499816894531,38.40999984741211,64200,38.40999984741211
38.099998474121094,39.47000122070313,36.54999923706055,38.099998474121094,84600,38.099998474121094
38.099998474121094,38.790000915527344,37.71699905395508,38.18000030517578,26000,38.18000030517578
38.290000915527344,38.88999938964844,37.900001525878906,38.11999893188477,32000,38.11999893188477
37.849998474121094,38.72000122070313,37.099998474121094,37.59000015258789,42900,37.59000015258789
38.20000076293945,39.81499862670898,37.70000076293945,37.849998474121094,32300,37.849998474121094
38.33000183105469,38.50400161743164,37.13000106811523,37.4900016784668,39200,37.4900016784668
38.29999923706055,39.29999923706055,37.54999923706055,37.79999923706055,84100,37.79999923706055
38.41999816894531,38.41999816894531,37.4900016784668,38.2599983215332,131400,38.2599983215332
38.72000122070313,38.84000015258789,37.88999938964844,38.36999893188477,51300,38.36999893188477
36.91999816894531,38.47000122070313,36.91999816894531,38.2400016784668,40300,38.2400016784668
37.2599983215332,37.33000183105469,36.15999984741211,36.68999862670898,40400,36.68999862670898
38.060001373291016,38.060001373291016,36.08000183105469,37.29999923706055,40700,37.29999923706055
38.08000183105469,38.79999923706055,36.70000076293945,37.63999938964844,56600,37.63999938964844
36.0,38.54999923706055,34.865001678466804,37.52000045776367,60800,37.52000045776367
35.2599983215332,35.970001220703125,34.060001373291016,35.86999893188477,58200,35.86999893188477
35.41999816894531,36.209999084472656,33.439998626708984,36.13000106811523,70100,36.13000106811523
36.849998474121094,36.849998474121094,35.68000030517578,36.02999877929688,73800,36.02999877929688
36.66999816894531,38.36999893188477,35.029998779296875,37.04999923706055,110800,37.04999923706055
38.11899948120117,38.11899948120117,35.22999954223633,36.70000076293945,37900,36.70000076293945
37.41999816894531,38.349998474121094,35.220001220703125,36.75,61700,36.75
38.4900016784668,38.61000061035156,35.81999969482422,37.61000061035156,85400,37.61000061035156
36.11999893188477,38.2599983215332,35.310001373291016,35.970001220703125,59100,35.970001220703125
35.88999938964844,36.790000915527344,33.64500045776367,35.86000061035156,78600,35.86000061035156
32.709999084472656,37.02000045776367,32.709999084472656,36.11000061035156,98400,36.11000061035156
32.59999847412109,33.150001525878906,31.0,33.0,1972900,33.0
37.34000015258789,38.040000915527344,32.59999847412109,32.610000610351555,200100,32.610000610351555
37.70000076293945,38.0,36.5,37.13999938964844,48500,37.13999938964844
38.04999923706055,39.0,37.959999084472656,38.20000076293945,40300,38.20000076293945
40.79999923706055,40.79999923706055,38.11999893188477,38.7599983215332,61300,38.7599983215332
39.099998474121094,40.25199890136719,38.63999938964844,39.02999877929688,214000,39.02999877929688
40.51499938964844,42.18999862670898,38.849998474121094,39.09000015258789,76700,39.09000015258789
42.0,43.58000183105469,40.7599983215332,42.209999084472656,48700,42.209999084472656
42.59000015258789,43.02999877929688,41.13000106811523,41.91999816894531,58600,41.91999816894531
44.04999923706055,46.18000030517578,41.04999923706055,42.65999984741211,111800,42.65999984741211
43.5099983215332,46.0,43.5099983215332,43.56999969482422,21700,43.56999969482422
43.099998474121094,45.91999816894531,41.7599983215332,43.41999816894531,33700,43.41999816894531
43.45199966430664,45.5,40.68999862670898,42.81999969482422,34200,42.81999969482422
45.97999954223633,45.97999954223633,42.15999984741211,44.150001525878906,42300,44.150001525878906
43.77000045776367,45.099998474121094,42.68999862670898,44.25,53400,44.25
43.400001525878906,45.95000076293945,39.5099983215332,44.02000045776367,61700,44.02000045776367
42.91999816894531,45.94599914550781,42.58000183105469,43.5,41300,43.5
43.810001373291016,44.099998474121094,41.63999938964844,42.79999923706055,42600,42.79999923706055
43.0,45.36000061035156,42.86000061035156,44.79999923706055,22000,44.79999923706055
43.790000915527344,44.86999893188477,42.97999954223633,43.43000030517578,24700,43.43000030517578
44.4900016784668,46.0,43.599998474121094,44.25,29000,44.25
45.0,45.64300155639648,44.027000427246094,44.290000915527344,29800,44.290000915527344
44.25,45.45000076293945,43.75,44.16999816894531,43600,44.16999816894531
44.099998474121094,47.196998596191406,43.40999984741211,44.45000076293945,33800,44.45000076293945
44.5,45.49499893188477,43.24300003051758,44.02999877929688,19400,44.02999877929688
43.0099983215332,45.22000122070313,41.84000015258789,43.20000076293945,19000,43.20000076293945
44.93000030517578,45.0,42.900001525878906,43.61000061035156,18200,43.61000061035156
42.0099983215332,46.29999923706055,42.0099983215332,44.25,43600,44.25
45.0,45.0,43.45000076293945,44.0,50500,44.0
42.63000106811523,44.08000183105469,41.59000015258789,43.79999923706055,51900,43.79999923706055
44.0,44.400001525878906,42.20000076293945,42.95000076293945,54600,42.95000076293945
45.0,45.0,42.02999877929688,43.599998474121094,23700,43.599998474121094
43.459999084472656,43.83000183105469,41.79999923706055,42.70000076293945,26800,42.70000076293945
42.61999893188477,44.709999084472656,42.61999893188477,44.04999923706055,27800,44.04999923706055
38.9900016784668,42.66999816894531,37.803001403808594,42.06999969482422,18800,42.06999969482422
42.38999938964844,44.90399932861328,38.22999954223633,38.900001525878906,28000,38.900001525878906
39.040000915527344,40.88000106811523,38.749000549316406,40.70000076293945,40600,40.70000076293945
39.31999969482422,41.400001525878906,38.47000122070313,39.26499938964844,24500,39.26499938964844
40.08000183105469,40.415000915527344,38.83000183105469,38.9900016784668,38400,38.9900016784668
40.02999877929688,42.77999877929688,38.90999984741211,39.59000015258789,29300,39.59000015258789
41.38999938964844,41.38999938964844,39.0,39.95000076293945,464400,39.95000076293945
42.310001373291016,42.83000183105469,41.28499984741211,41.5,13100,41.5
42.63999938964844,42.9900016784668,41.41999816894531,42.41999816894531,18600,42.41999816894531
44.16299819946289,46.4000015258789,42.22000122070313,42.63999938964844,18800,42.63999938964844
42.79999923706055,47.02000045776367,41.86999893188477,42.75,16300,42.75
45.0,45.20000076293945,42.560001373291016,42.75,83900,42.75
46.70000076293945,46.79999923706055,44.38999938964844,44.9900016784668,13900,44.9900016784668
46.61999893188477,46.849998474121094,45.88999938964844,46.5,14800,46.5
45.45000076293945,47.9900016784668,45.45000076293945,46.9900016784668,8400,46.9900016784668
46.91999816894531,49.55500030517578,46.59000015258789,46.959999084472656,11900,46.959999084472656
49.999000549316406,49.999000549316406,46.81499862670898,46.97999954223633,18000,46.97999954223633
48.099998474121094,48.099998474121094,45.66999816894531,46.9000015258789,9400,46.9000015258789
48.51499938964844,49.224998474121094,48.0,48.25,40000,48.25
46.25,48.849998474121094,46.25,48.83000183105469,8600,48.83000183105469
46.43999862670898,47.35499954223633,44.16999816894531,46.5,14800,46.5
46.5,48.31999969482422,46.5,47.0,60400,47.0
45.81999969482422,46.8849983215332,45.81999969482422,46.5,12900,46.5
45.25,46.665000915527344,45.25,46.18999862670898,4800,46.18999862670898
45.13999938964844,46.0,43.02000045776367,45.25,30400,45.25
45.06999969482422,45.93999862670898,43.7599983215332,44.43999862670898,9600,44.43999862670898
43.959999084472656,45.88999938964844,43.959999084472656,44.95000076293945,7300,44.95000076293945
44.45000076293945,44.82500076293945,43.75,43.959999084472656,12800,43.959999084472656
42.5,45.0,42.5,44.0,3500,44.0
42.20000076293945,42.70000076293945,42.20000076293945,42.70000076293945,14000,42.70000076293945
42.79999923706055,42.79999923706055,41.86199951171875,42.72999954223633,2000,42.72999954223633
43.810001373291016,45.474998474121094,41.400001525878906,43.0,18200,43.0
45.125,46.93999862670898,42.400001525878906,44.0,22100,44.0
45.0,46.4000015258789,43.459999084472656,43.59000015258789,17600,43.59000015258789
47.79999923706055,48.47999954223633,42.5,44.79999923706055,101300,44.79999923706055
48.43999862670898,48.43999862670898,46.4000015258789,47.84000015258789,26300,47.84000015258789
44.75,45.599998474121094,44.5,45.599998474121094,38400,45.599998474121094
43.95000076293945,44.650001525878906,43.70000076293945,43.93999862670898,19500,43.93999862670898
46.29999923706055,47.20000076293945,43.4010009765625,44.03499984741211,32900,44.03499984741211
47.9000015258789,48.540000915527344,44.13999938964844,47.27000045776367,15700,47.27000045776367
49.0,49.0,47.5,47.69499969482422,13200,47.69499969482422
48.77000045776367,50.0,48.68999862670898,49.0,9800,49.0
49.0,49.0,48.66999816894531,48.66999816894531,1500,48.66999816894531
49.95000076293945,49.95000076293945,48.9900016784668,49.0,2300,49.0
49.29999923706055,49.29999923706055,48.790000915527344,49.08000183105469,3900,49.08000183105469
49.0,49.4000015258789,48.599998474121094,48.81999969482422,5900,48.81999969482422
49.20000076293945,49.20000076293945,48.75,49.0,7800,49.0
49.9900016784668,49.9900016784668,48.5099983215332,48.75,17500,48.75
49.70000076293945,49.7400016784668,48.83399963378906,49.18999862670898,11800,49.18999862670898
49.0,49.2750015258789,48.5260009765625,49.0,15600,49.0
46.22999954223633,49.22000122070313,46.22999954223633,49.22000122070313,15100,49.22000122070313
48.9000015258789,49.0,48.7400016784668,49.0,8000,49.0
49.15999984741211,49.15999984741211,48.88999938964844,48.97999954223633,20000,48.97999954223633
49.0,49.72000122070313,48.82699966430664,49.72000122070313,3500,49.72000122070313
49.0,49.0,44.68999862670898,49.0,1600,49.0
49.5,49.5,48.72999954223633,49.040000915527344,13200,49.040000915527344
48.9000015258789,49.5,48.849998474121094,49.47000122070313,5500,49.47000122070313
49.349998474121094,49.349998474121094,48.79999923706055,49.0,6800,49.0
49.5,49.5,48.70000076293945,49.0,11500,49.0
49.9000015258789,49.9000015258789,48.9900016784668,49.5,5000,49.5
49.25,50.0,46.0099983215332,49.0,14700,49.0
48.9900016784668,49.5,46.05699920654297,48.88999938964844,13100,48.88999938964844
49.20000076293945,49.25,48.63100051879883,49.25,9400,49.25
49.099998474121094,50.20000076293945,48.75,49.0,18600,49.0
49.45000076293945,49.68999862670898,48.9900016784668,49.0,8300,49.0
49.849998474121094,50.0,48.2400016784668,48.97999954223633,6300,48.97999954223633
49.0,51.0,48.0,51.0,10100,51.0
48.54999923706055,51.0,48.54999923706055,50.4000015258789,5000,50.4000015258789
49.25,51.0,49.20000076293945,49.9000015258789,32000,49.9000015258789
51.0,51.0,48.17699813842773,50.36000061035156,5600,50.36000061035156
50.5,51.79999923706055,50.5,51.0,2100,51.0
51.75,51.75,50.9000015258789,50.97999954223633,4700,50.97999954223633
51.9000015258789,52.0,50.0,51.93999862670898,3800,51.93999862670898
51.16999816894531,52.57500076293945,50.0,51.72999954223633,7600,51.72999954223633
50.32300186157226,52.0,50.0099983215332,51.79999923706055,7500,51.79999923706055
50.29999923706055,52.0,47.099998474121094,49.9000015258789,3200,49.9000015258789
50.290000915527344,52.70000076293945,50.290000915527344,52.0,3600,52.0
52.0,52.112998962402344,50.73300170898438,52.0,1700,52.0
52.0,52.0,52.0,52.0,0,52.0
50.599998474121094,53.0,50.599998474121094,52.0,5100,52.0
51.0,52.04999923706055,50.74800109863281,50.74800109863281,2800,50.74800109863281
52.0,52.0,50.25,52.0,5200,52.0
52.0,54.0,52.0,52.25,4200,52.25
49.5,52.0,49.5,52.0,700,52.0
55.0,55.0,53.0,53.0,2400,53.0
49.0,61.97000122070313,49.0,57.9000015258789,7700,57.9000015258789
49.0,50.0,45.77000045776367,49.0,3200,49.0
48.0,48.0,48.0,48.0,0,48.0
45.637001037597656,48.0,45.5,48.0,5100,48.0
45.25,46.0,43.5099983215332,45.45000076293945,2700,45.45000076293945
45.25,45.42499923706055,45.25,45.25,1000,45.25
44.0,45.25,43.5,45.25,8600,45.25
45.0,45.5,45.0,45.0,900,45.0
44.5,46.5,44.5,46.5,1800,46.5
44.28300094604492,46.75,44.28300094604492,46.75,486300,46.75
46.5,46.75,44.0099983215332,46.7400016784668,308800,46.7400016784668
47.4000015258789,47.4000015258789,45.5,47.4000015258789,1700,47.4000015258789
46.0,46.0,46.0,46.0,200,46.0
49.0,50.0,48.0,48.25,28600,48.25
46.5,48.0,46.5,48.0,22500,48.0
46.0,47.5,44.0,47.0,1300,47.0
43.25,46.0,43.25,46.0,1600,46.0
44.0,44.0,43.5,43.5,1400,43.5
44.5,44.5,43.099998474121094,43.099998474121094,600,43.099998474121094
43.0,44.5,43.0,44.5,76800,44.5
42.5,42.5,42.5,42.5,0,42.5
42.5,43.0,42.5,42.5,16400,42.5
42.599998474121094,44.0,39.0,43.0,206200,43.0
37.11000061035156,41.25,37.11000061035156,41.25,1500,41.25
37.0,43.0,37.0,43.0,2700,43.0
41.0,41.0,41.0,41.0,0,41.0
41.0,41.0,41.0,41.0,900,41.0
40.0,41.0,36.0,41.0,4100,41.0
40.0,40.0,35.060001373291016,40.0,2500,40.0
38.95000076293945,39.75,34.75,39.75,1100,39.75
39.0,39.0,35.0,36.9900016784668,28300,36.9900016784668
39.75,39.75,38.0099983215332,39.0,12600,39.0
15.0,40.625,15.0,40.625,625719,40.625
